"","Technology","usage"
"1","Solar",20
"2","Battery",7.5
"3","CHP",2.5
"4","Fuel_Cell",0
"5","Solar",37.5
"6","Battery",15
"7","CHP",5
"8","Fuel_Cell",0
"9","Solar",35
"10","Battery",15
"11","CHP",4.5
"12","Fuel_Cell",0
"13","Solar",35
"14","Battery",15
"15","CHP",4.5
"16","Fuel_Cell",0
"17","Solar",80
"18","Solar",65
"19","Battery",22.5
"20","Battery",20
"21","CHP",20
"22","CHP",15
"23","Fuel_Cell",20
"24","Fuel_Cell",15
"25","Solar",25
"26","Battery",11
"27","CHP",3.5
"28","Fuel_Cell",0
"29","Solar",25
"30","Battery",11
"31","CHP",3
"32","Fuel_Cell",0
"33","Solar",27.5
"34","Battery",11
"35","CHP",3.5
"36","Fuel_Cell",0
"37","Solar",42.5
"38","Solar",27.5
"39","Battery",20
"40","Battery",11
"41","CHP",5.5
"42","CHP",3.5
"43","Fuel_Cell",0
"44","Fuel_Cell",0
"45","Solar",110
"46","Battery",30
"47","CHP",27.5
"48","Fuel_Cell",27.5
"49","Solar",40
"50","Battery",17.5
"51","CHP",5.5
"52","Fuel_Cell",0
"53","Solar",80
"54","Battery",22.5
"55","CHP",20
"56","Fuel_Cell",20
"57","Solar",95
"58","Battery",27.5
"59","CHP",25
"60","Fuel_Cell",25
"61","Solar",27.5
"62","Battery",11.5
"63","CHP",4
"64","Fuel_Cell",0
"65","Solar",132.5
"66","Solar",140
"67","Solar",127.5
"68","Battery",35
"69","Battery",37.5
"70","Battery",35
"71","CHP",35
"72","CHP",35
"73","CHP",32.5
"74","Fuel_Cell",35
"75","Fuel_Cell",35
"76","Fuel_Cell",32.5
"77","Solar",95
"78","Battery",27.5
"79","CHP",25
"80","Fuel_Cell",25
"81","Solar",120
"82","Solar",135
"83","Battery",32.5
"84","Battery",35
"85","CHP",30
"86","CHP",35
"87","Fuel_Cell",30
"88","Fuel_Cell",35
"89","Solar",117.5
"90","Battery",32.5
"91","CHP",30
"92","Fuel_Cell",30
"93","Solar",140
"94","Battery",40
"95","CHP",35
"96","Fuel_Cell",35
"97","Solar",35
"98","Battery",14.5
"99","CHP",4.5
"100","Fuel_Cell",0
"101","Solar",110
"102","Battery",30
"103","CHP",27.5
"104","Fuel_Cell",27.5
"105","Solar",140
"106","Battery",40
"107","CHP",35
"108","Fuel_Cell",35
"109","Solar",160
"110","Solar",125
"111","Solar",110
"112","Battery",42.5
"113","Battery",35
"114","Battery",30
"115","CHP",40
"116","CHP",32.5
"117","CHP",27.5
"118","Fuel_Cell",40
"119","Fuel_Cell",32.5
"120","Fuel_Cell",27.5
"121","Solar",135
"122","Solar",145
"123","Battery",35
"124","Battery",40
"125","CHP",35
"126","CHP",35
"127","Fuel_Cell",35
"128","Fuel_Cell",35
"129","Solar",145
"130","Solar",160
"131","Solar",150
"132","Battery",40
"133","Battery",42.5
"134","Battery",42.5
"135","CHP",35
"136","CHP",40
"137","CHP",37.5
"138","Fuel_Cell",35
"139","Fuel_Cell",40
"140","Fuel_Cell",37.5
"141","Solar",35
"142","Battery",15
"143","CHP",4.5
"144","Fuel_Cell",0
"145","Solar",145
"146","Battery",40
"147","CHP",35
"148","Fuel_Cell",35
"149","Solar",110
"150","Solar",335
"151","Battery",30
"152","Battery",37.5
"153","CHP",27.5
"154","CHP",3
"155","Fuel_Cell",27.5
"156","Fuel_Cell",37.5
"157","Solar",190
"158","Solar",160
"159","Battery",50
"160","Battery",42.5
"161","CHP",47.5
"162","CHP",40
"163","Fuel_Cell",47.5
"164","Fuel_Cell",40
"165","Solar",145
"166","Battery",40
"167","CHP",35
"168","Fuel_Cell",35
"169","Solar",155
"170","Battery",42.5
"171","CHP",40
"172","Fuel_Cell",40
"173","Solar",145
"174","Solar",70
"175","Solar",125
"176","Battery",40
"177","Battery",20
"178","Battery",35
"179","CHP",35
"180","CHP",20
"181","CHP",32.5
"182","Fuel_Cell",35
"183","Fuel_Cell",20
"184","Fuel_Cell",32.5
"185","Solar",160
"186","Solar",117.5
"187","Battery",42.5
"188","Battery",32.5
"189","CHP",40
"190","CHP",27.5
"191","Fuel_Cell",40
"192","Fuel_Cell",27.5
"193","Solar",185
"194","Battery",50
"195","CHP",47.5
"196","Fuel_Cell",47.5
"197","Solar",150
"198","Solar",145
"199","Solar",205
"200","Battery",42.5
"201","Battery",40
"202","Battery",55
"203","CHP",37.5
"204","CHP",35
"205","CHP",50
"206","Fuel_Cell",37.5
"207","Fuel_Cell",35
"208","Fuel_Cell",50
"209","Solar",160
"210","Solar",135
"211","Battery",42.5
"212","Battery",57.5
"213","CHP",40
"214","CHP",20
"215","Fuel_Cell",40
"216","Fuel_Cell",0
"217","Solar",135
"218","Battery",35
"219","CHP",35
"220","Fuel_Cell",35
"221","Solar",85
"222","Solar",140
"223","Solar",160
"224","Solar",155
"225","Battery",22.5
"226","Battery",37.5
"227","Battery",42.5
"228","Battery",42.5
"229","CHP",22.5
"230","CHP",35
"231","CHP",40
"232","CHP",40
"233","Fuel_Cell",22.5
"234","Fuel_Cell",35
"235","Fuel_Cell",40
"236","Fuel_Cell",40
"237","Solar",145
"238","Battery",40
"239","CHP",35
"240","Fuel_Cell",35
"241","Solar",155
"242","Battery",42.5
"243","CHP",40
"244","Fuel_Cell",40
"245","Solar",117.5
"246","Battery",32.5
"247","CHP",27.5
"248","Fuel_Cell",27.5
"249","Solar",190
"250","Solar",160
"251","Battery",50
"252","Battery",70
"253","CHP",47.5
"254","CHP",22.5
"255","Fuel_Cell",47.5
"256","Fuel_Cell",0
"257","Solar",117.5
"258","Solar",117.5
"259","Battery",32.5
"260","Battery",32.5
"261","CHP",30
"262","CHP",30
"263","Fuel_Cell",30
"264","Fuel_Cell",30
"265","Solar",150
"266","Solar",132.5
"267","Battery",42.5
"268","Battery",35
"269","CHP",37.5
"270","CHP",32.5
"271","Fuel_Cell",37.5
"272","Fuel_Cell",32.5
"273","Solar",80
"274","Battery",22.5
"275","CHP",20
"276","Fuel_Cell",20
"277","Solar",35
"278","Battery",14.5
"279","CHP",4.5
"280","Fuel_Cell",0
"281","Solar",17.5
"282","Solar",117.5
"283","Battery",6.5
"284","Battery",32.5
"285","CHP",2.5
"286","CHP",30
"287","Fuel_Cell",0
"288","Fuel_Cell",30
"289","Solar",140
"290","Solar",190
"291","Battery",37.5
"292","Battery",50
"293","CHP",35
"294","CHP",47.5
"295","Fuel_Cell",35
"296","Fuel_Cell",47.5
"297","Solar",140
"298","Battery",37.5
"299","CHP",35
"300","Fuel_Cell",35
"301","Solar",145
"302","Battery",40
"303","CHP",35
"304","Fuel_Cell",35
"305","Solar",160
"306","Solar",145
"307","Solar",145
"308","Battery",42.5
"309","Battery",40
"310","Battery",40
"311","CHP",40
"312","CHP",35
"313","CHP",37.5
"314","Fuel_Cell",40
"315","Fuel_Cell",35
"316","Fuel_Cell",37.5
"317","Solar",105
"318","Battery",27.5
"319","CHP",27.5
"320","Fuel_Cell",27.5
"321","Solar",255
"322","Battery",67.5
"323","CHP",62.5
"324","Fuel_Cell",62.5
"325","Solar",230
"326","Battery",62.5
"327","CHP",57.5
"328","Fuel_Cell",57.5
"329","Solar",20
"330","Solar",170
"331","Battery",8
"332","Battery",47.5
"333","CHP",3
"334","CHP",42.5
"335","Fuel_Cell",0
"336","Fuel_Cell",42.5
"337","Solar",150
"338","Solar",215
"339","Battery",42.5
"340","Battery",57.5
"341","CHP",37.5
"342","CHP",55
"343","Fuel_Cell",37.5
"344","Fuel_Cell",55
"345","Solar",160
"346","Solar",155
"347","Battery",42.5
"348","Battery",42.5
"349","CHP",40
"350","CHP",40
"351","Fuel_Cell",40
"352","Fuel_Cell",40
"353","Solar",155
"354","Battery",42.5
"355","CHP",40
"356","Fuel_Cell",40
"357","Solar",32.5
"358","Solar",22.5
"359","Solar",25
"360","Battery",14.5
"361","Battery",10.5
"362","Battery",11
"363","CHP",4
"364","CHP",3
"365","CHP",2.5
"366","Fuel_Cell",0
"367","Fuel_Cell",0
"368","Fuel_Cell",0
"369","Solar",310
"370","Solar",47.5
"371","Solar",145
"372","Solar",22.5
"373","Battery",80
"374","Battery",20
"375","Battery",40
"376","Battery",10.5
"377","CHP",75
"378","CHP",6.5
"379","CHP",37.5
"380","CHP",3
"381","Fuel_Cell",75
"382","Fuel_Cell",0
"383","Fuel_Cell",37.5
"384","Fuel_Cell",0
"385","Solar",95
"386","Battery",27.5
"387","CHP",27.5
"388","Fuel_Cell",27.5
"389","Solar",20
"390","Solar",95
"391","Battery",7.5
"392","Battery",40
"393","CHP",2.5
"394","CHP",14.5
"395","Fuel_Cell",0
"396","Fuel_Cell",0
"397","Solar",57.5
"398","Solar",175
"399","Battery",25
"400","Battery",47.5
"401","CHP",7.5
"402","CHP",42.5
"403","Fuel_Cell",0
"404","Fuel_Cell",42.5
"405","Solar",140
"406","Solar",145
"407","Battery",37.5
"408","Battery",40
"409","CHP",35
"410","CHP",37.5
"411","Fuel_Cell",0
"412","Fuel_Cell",37.5
"413","Solar",200
"414","Battery",55
"415","CHP",50
"416","Fuel_Cell",50
"417","Solar",355
"418","Battery",87.5
"419","CHP",80
"420","Fuel_Cell",80
"421","Solar",145
"422","Solar",200
"423","Battery",40
"424","Battery",55
"425","CHP",35
"426","CHP",50
"427","Fuel_Cell",35
"428","Fuel_Cell",50
"429","Solar",250
"430","Solar",255
"431","Battery",65
"432","Battery",67.5
"433","CHP",62.5
"434","CHP",62.5
"435","Fuel_Cell",62.5
"436","Fuel_Cell",62.5
"437","Solar",125
"438","Battery",35
"439","CHP",32.5
"440","Fuel_Cell",32.5
"441","Solar",2.5
"442","Solar",135
"443","Solar",200
"444","Battery",1.5
"445","Battery",35
"446","Battery",55
"447","CHP",1
"448","CHP",35
"449","CHP",50
"450","Fuel_Cell",0
"451","Fuel_Cell",35
"452","Fuel_Cell",50
"453","Solar",185
"454","Battery",50
"455","CHP",47.5
"456","Fuel_Cell",47.5
"457","Solar",135
"458","Solar",155
"459","Battery",35
"460","Battery",42.5
"461","CHP",35
"462","CHP",40
"463","Fuel_Cell",35
"464","Fuel_Cell",40
"465","Solar",605
"466","Solar",110
"467","Solar",47.5
"468","Solar",315
"469","Battery",240
"470","Battery",30
"471","Battery",20
"472","Battery",80
"473","CHP",77.5
"474","CHP",27.5
"475","CHP",6
"476","CHP",75
"477","Fuel_Cell",0
"478","Fuel_Cell",27.5
"479","Fuel_Cell",0
"480","Fuel_Cell",75
"481","Solar",95
"482","Solar",245
"483","Solar",57.5
"484","Solar",160
"485","Battery",27.5
"486","Battery",65
"487","Battery",25
"488","Battery",42.5
"489","CHP",25
"490","CHP",60
"491","CHP",7.5
"492","CHP",40
"493","Fuel_Cell",25
"494","Fuel_Cell",60
"495","Fuel_Cell",0
"496","Fuel_Cell",40
"497","Solar",220
"498","Solar",145
"499","Solar",57.5
"500","Solar",355
"501","Solar",365
"502","Battery",57.5
"503","Battery",40
"504","Battery",25
"505","Battery",87.5
"506","Battery",92.5
"507","CHP",55
"508","CHP",35
"509","CHP",7.5
"510","CHP",80
"511","CHP",80
"512","Fuel_Cell",55
"513","Fuel_Cell",35
"514","Fuel_Cell",0
"515","Fuel_Cell",80
"516","Fuel_Cell",80
"517","Solar",22.5
"518","Solar",40
"519","Solar",250
"520","Solar",175
"521","Solar",140
"522","Solar",150
"523","Battery",10.5
"524","Battery",17.5
"525","Battery",65
"526","Battery",47.5
"527","Battery",37.5
"528","Battery",42.5
"529","CHP",3
"530","CHP",5.5
"531","CHP",62.5
"532","CHP",42.5
"533","CHP",35
"534","CHP",37.5
"535","Fuel_Cell",0
"536","Fuel_Cell",0
"537","Fuel_Cell",62.5
"538","Fuel_Cell",42.5
"539","Fuel_Cell",35
"540","Fuel_Cell",37.5
"541","Solar",280
"542","Solar",155
"543","Solar",155
"544","Battery",72.5
"545","Battery",42.5
"546","Battery",42.5
"547","CHP",67.5
"548","CHP",40
"549","CHP",40
"550","Fuel_Cell",67.5
"551","Fuel_Cell",40
"552","Fuel_Cell",40
"553","Solar",230
"554","Solar",145
"555","Solar",15
"556","Battery",62.5
"557","Battery",40
"558","Battery",6
"559","CHP",55
"560","CHP",37.5
"561","CHP",2.5
"562","Fuel_Cell",55
"563","Fuel_Cell",37.5
"564","Fuel_Cell",0
"565","Solar",132.5
"566","Battery",35
"567","CHP",32.5
"568","Fuel_Cell",32.5
"569","Solar",140
"570","Battery",37.5
"571","CHP",35
"572","Fuel_Cell",35
"573","Solar",335
"574","Solar",170
"575","Battery",85
"576","Battery",47.5
"577","CHP",77.5
"578","CHP",42.5
"579","Fuel_Cell",77.5
"580","Fuel_Cell",42.5
"581","Solar",385
"582","Solar",335
"583","Solar",145
"584","Battery",95
"585","Battery",85
"586","Battery",40
"587","CHP",87.5
"588","CHP",77.5
"589","CHP",35
"590","Fuel_Cell",87.5
"591","Fuel_Cell",77.5
"592","Fuel_Cell",35
"593","Solar",140
"594","Battery",40
"595","CHP",35
"596","Fuel_Cell",35
"597","Solar",135
"598","Solar",465
"599","Battery",57.5
"600","Battery",117.5
"601","CHP",20
"602","CHP",102.5
"603","Fuel_Cell",0
"604","Fuel_Cell",102.5
"605","Solar",375
"606","Solar",22.5
"607","Battery",95
"608","Battery",10.5
"609","CHP",87.5
"610","CHP",3
"611","Fuel_Cell",87.5
"612","Fuel_Cell",0
"613","Solar",155
"614","Battery",42.5
"615","CHP",40
"616","Fuel_Cell",40
"617","Solar",125
"618","Solar",145
"619","Battery",35
"620","Battery",40
"621","CHP",32.5
"622","CHP",35
"623","Fuel_Cell",32.5
"624","Fuel_Cell",35
"625","Solar",20
"626","Battery",7
"627","CHP",2.5
"628","Fuel_Cell",0
"629","Solar",275
"630","Battery",72.5
"631","CHP",65
"632","Fuel_Cell",65
"633","Solar",160
"634","Battery",42.5
"635","CHP",40
"636","Fuel_Cell",40
"637","Solar",132.5
"638","Solar",550
"639","Battery",35
"640","Battery",140
"641","CHP",32.5
"642","CHP",125
"643","Fuel_Cell",32.5
"644","Fuel_Cell",125
"645","Solar",330
"646","Solar",160
"647","Solar",170
"648","Battery",80
"649","Battery",42.5
"650","Battery",47.5
"651","CHP",77.5
"652","CHP",40
"653","CHP",42.5
"654","Fuel_Cell",77.5
"655","Fuel_Cell",40
"656","Fuel_Cell",42.5
"657","Solar",215
"658","Solar",350
"659","Solar",155
"660","Battery",57.5
"661","Battery",87.5
"662","Battery",42.5
"663","CHP",50
"664","CHP",80
"665","CHP",40
"666","Fuel_Cell",50
"667","Fuel_Cell",80
"668","Fuel_Cell",40
"669","Solar",145
"670","Solar",30
"671","Battery",40
"672","Battery",11.5
"673","CHP",35
"674","CHP",4
"675","Fuel_Cell",35
"676","Fuel_Cell",0
"677","Solar",200
"678","Solar",770
"679","Battery",55
"680","Battery",190
"681","CHP",47.5
"682","CHP",175
"683","Fuel_Cell",47.5
"684","Fuel_Cell",0
"685","Solar",62.5
"686","Solar",70
"687","Solar",140
"688","Battery",17.5
"689","Battery",20
"690","Battery",40
"691","CHP",15
"692","CHP",20
"693","CHP",35
"694","Fuel_Cell",15
"695","Fuel_Cell",20
"696","Fuel_Cell",35
"697","Solar",132.5
"698","Solar",150
"699","Battery",35
"700","Battery",42.5
"701","CHP",32.5
"702","CHP",37.5
"703","Fuel_Cell",32.5
"704","Fuel_Cell",37.5
"705","Solar",305
"706","Battery",77.5
"707","CHP",72.5
"708","Fuel_Cell",72.5
"709","Solar",260
"710","Battery",70
"711","CHP",62.5
"712","Fuel_Cell",62.5
"713","Solar",170
"714","Battery",47.5
"715","CHP",42.5
"716","Fuel_Cell",42.5
"717","Solar",240
"718","Battery",62.5
"719","CHP",57.5
"720","Fuel_Cell",57.5
"721","Solar",132.5
"722","Battery",35
"723","CHP",32.5
"724","Fuel_Cell",32.5
"725","Solar",405
"726","Solar",175
"727","Solar",445
"728","Solar",320
"729","Battery",102.5
"730","Battery",47.5
"731","Battery",110
"732","Battery",80
"733","CHP",95
"734","CHP",42.5
"735","CHP",102.5
"736","CHP",77.5
"737","Fuel_Cell",95
"738","Fuel_Cell",42.5
"739","Fuel_Cell",102.5
"740","Fuel_Cell",77.5
"741","Solar",145
"742","Battery",40
"743","CHP",35
"744","Fuel_Cell",35
"745","Solar",260
"746","Solar",175
"747","Battery",70
"748","Battery",72.5
"749","CHP",62.5
"750","CHP",25
"751","Fuel_Cell",62.5
"752","Fuel_Cell",0
"753","Solar",190
"754","Solar",215
"755","Battery",50
"756","Battery",57.5
"757","CHP",47.5
"758","CHP",55
"759","Fuel_Cell",47.5
"760","Fuel_Cell",55
"761","Solar",475
"762","Solar",390
"763","Solar",132.5
"764","Solar",132.5
"765","Battery",117.5
"766","Battery",95
"767","Battery",35
"768","Battery",35
"769","CHP",110
"770","CHP",87.5
"771","CHP",32.5
"772","CHP",32.5
"773","Fuel_Cell",110
"774","Fuel_Cell",87.5
"775","Fuel_Cell",32.5
"776","Fuel_Cell",32.5
"777","Solar",132.5
"778","Solar",155
"779","Solar",315
"780","Solar",150
"781","Solar",145
"782","Battery",55
"783","Battery",42.5
"784","Battery",80
"785","Battery",42.5
"786","Battery",40
"787","CHP",20
"788","CHP",40
"789","CHP",75
"790","CHP",37.5
"791","CHP",35
"792","Fuel_Cell",0
"793","Fuel_Cell",40
"794","Fuel_Cell",75
"795","Fuel_Cell",37.5
"796","Fuel_Cell",35
"797","Solar",72.5
"798","Solar",40
"799","Solar",145
"800","Solar",40
"801","Solar",80
"802","Battery",20
"803","Battery",17.5
"804","Battery",40
"805","Battery",17.5
"806","Battery",22.5
"807","CHP",20
"808","CHP",5.5
"809","CHP",35
"810","CHP",5.5
"811","CHP",20
"812","Fuel_Cell",20
"813","Fuel_Cell",0
"814","Fuel_Cell",35
"815","Fuel_Cell",0
"816","Fuel_Cell",20
"817","Solar",390
"818","Solar",290
"819","Solar",35
"820","Solar",6
"821","Solar",360
"822","Battery",95
"823","Battery",77.5
"824","Battery",15
"825","Battery",2.5
"826","Battery",87.5
"827","CHP",87.5
"828","CHP",70
"829","CHP",4.5
"830","CHP",1
"831","CHP",80
"832","Fuel_Cell",87.5
"833","Fuel_Cell",70
"834","Fuel_Cell",0
"835","Fuel_Cell",0
"836","Fuel_Cell",80
"837","Solar",145
"838","Solar",150
"839","Solar",102.5
"840","Solar",125
"841","Battery",40
"842","Battery",42.5
"843","Battery",27.5
"844","Battery",35
"845","CHP",35
"846","CHP",37.5
"847","CHP",27.5
"848","CHP",30
"849","Fuel_Cell",35
"850","Fuel_Cell",37.5
"851","Fuel_Cell",27.5
"852","Fuel_Cell",30
"853","Solar",67.5
"854","Solar",535
"855","Battery",20
"856","Battery",132.5
"857","CHP",17.5
"858","CHP",125
"859","Fuel_Cell",17.5
"860","Fuel_Cell",0
"861","Solar",135
"862","Solar",150
"863","Battery",35
"864","Battery",42.5
"865","CHP",35
"866","CHP",37.5
"867","Fuel_Cell",35
"868","Fuel_Cell",37.5
"869","Solar",155
"870","Solar",135
"871","Solar",285
"872","Battery",42.5
"873","Battery",35
"874","Battery",75
"875","CHP",40
"876","CHP",35
"877","CHP",70
"878","Fuel_Cell",0
"879","Fuel_Cell",35
"880","Fuel_Cell",70
"881","Solar",125
"882","Solar",290
"883","Solar",47.5
"884","Solar",445
"885","Solar",150
"886","Battery",35
"887","Battery",77.5
"888","Battery",20
"889","Battery",110
"890","Battery",42.5
"891","CHP",32.5
"892","CHP",70
"893","CHP",6
"894","CHP",102.5
"895","CHP",37.5
"896","Fuel_Cell",32.5
"897","Fuel_Cell",70
"898","Fuel_Cell",0
"899","Fuel_Cell",102.5
"900","Fuel_Cell",37.5
"901","Solar",50
"902","Solar",60
"903","Solar",185
"904","Solar",145
"905","Battery",22.5
"906","Battery",25
"907","Battery",50
"908","Battery",40
"909","CHP",7
"910","CHP",8
"911","CHP",47.5
"912","CHP",35
"913","Fuel_Cell",0
"914","Fuel_Cell",0
"915","Fuel_Cell",47.5
"916","Fuel_Cell",35
"917","Solar",280
"918","Solar",415
"919","Solar",35
"920","Solar",360
"921","Battery",72.5
"922","Battery",102.5
"923","Battery",15
"924","Battery",87.5
"925","CHP",67.5
"926","CHP",95
"927","CHP",4.5
"928","CHP",80
"929","Fuel_Cell",67.5
"930","Fuel_Cell",95
"931","Fuel_Cell",0
"932","Fuel_Cell",80
"933","Solar",235
"934","Solar",285
"935","Solar",40
"936","Solar",350
"937","Solar",110
"938","Solar",215
"939","Solar",55
"940","Battery",62.5
"941","Battery",75
"942","Battery",17.5
"943","Battery",87.5
"944","Battery",30
"945","Battery",57.5
"946","Battery",22.5
"947","CHP",57.5
"948","CHP",70
"949","CHP",5.5
"950","CHP",80
"951","CHP",27.5
"952","CHP",55
"953","CHP",7
"954","Fuel_Cell",57.5
"955","Fuel_Cell",70
"956","Fuel_Cell",0
"957","Fuel_Cell",80
"958","Fuel_Cell",27.5
"959","Fuel_Cell",55
"960","Fuel_Cell",0
"961","Solar",485
"962","Solar",110
"963","Battery",120
"964","Battery",30
"965","CHP",110
"966","CHP",27.5
"967","Fuel_Cell",110
"968","Fuel_Cell",27.5
"969","Solar",55
"970","Solar",190
"971","Solar",135
"972","Solar",190
"973","Solar",240
"974","Solar",132.5
"975","Battery",22.5
"976","Battery",50
"977","Battery",35
"978","Battery",50
"979","Battery",62.5
"980","Battery",35
"981","CHP",7
"982","CHP",47.5
"983","CHP",35
"984","CHP",47.5
"985","CHP",57.5
"986","CHP",32.5
"987","Fuel_Cell",0
"988","Fuel_Cell",47.5
"989","Fuel_Cell",35
"990","Fuel_Cell",47.5
"991","Fuel_Cell",57.5
"992","Fuel_Cell",32.5
"993","Solar",200
"994","Solar",117.5
"995","Solar",190
"996","Battery",55
"997","Battery",32.5
"998","Battery",50
"999","CHP",47.5
"1000","CHP",30
"1001","CHP",47.5
"1002","Fuel_Cell",47.5
"1003","Fuel_Cell",30
"1004","Fuel_Cell",47.5
"1005","Solar",145
"1006","Solar",400
"1007","Solar",27.5
"1008","Battery",40
"1009","Battery",102.5
"1010","Battery",11.5
"1011","CHP",35
"1012","CHP",87.5
"1013","CHP",4
"1014","Fuel_Cell",35
"1015","Fuel_Cell",87.5
"1016","Fuel_Cell",0
"1017","Solar",87.5
"1018","Solar",70
"1019","Battery",25
"1020","Battery",20
"1021","CHP",22.5
"1022","CHP",17.5
"1023","Fuel_Cell",22.5
"1024","Fuel_Cell",17.5
"1025","Solar",150
"1026","Solar",140
"1027","Solar",515
"1028","Solar",47.5
"1029","Solar",185
"1030","Solar",117.5
"1031","Battery",65
"1032","Battery",40
"1033","Battery",127.5
"1034","Battery",20
"1035","Battery",50
"1036","Battery",32.5
"1037","CHP",22.5
"1038","CHP",35
"1039","CHP",117.5
"1040","CHP",6.5
"1041","CHP",47.5
"1042","CHP",27.5
"1043","Fuel_Cell",0
"1044","Fuel_Cell",35
"1045","Fuel_Cell",117.5
"1046","Fuel_Cell",0
"1047","Fuel_Cell",47.5
"1048","Fuel_Cell",27.5
"1049","Solar",125
"1050","Solar",300
"1051","Solar",125
"1052","Solar",355
"1053","Solar",135
"1054","Solar",305
"1055","Battery",35
"1056","Battery",77.5
"1057","Battery",50
"1058","Battery",87.5
"1059","Battery",35
"1060","Battery",77.5
"1061","CHP",30
"1062","CHP",70
"1063","CHP",20
"1064","CHP",80
"1065","CHP",35
"1066","CHP",72.5
"1067","Fuel_Cell",30
"1068","Fuel_Cell",70
"1069","Fuel_Cell",0
"1070","Fuel_Cell",80
"1071","Fuel_Cell",35
"1072","Fuel_Cell",72.5
"1073","Solar",140
"1074","Solar",375
"1075","Solar",112.5
"1076","Solar",110
"1077","Solar",150
"1078","Solar",370
"1079","Solar",500
"1080","Battery",37.5
"1081","Battery",95
"1082","Battery",32.5
"1083","Battery",30
"1084","Battery",42.5
"1085","Battery",95
"1086","Battery",125
"1087","CHP",35
"1088","CHP",87.5
"1089","CHP",27.5
"1090","CHP",27.5
"1091","CHP",37.5
"1092","CHP",80
"1093","CHP",110
"1094","Fuel_Cell",35
"1095","Fuel_Cell",87.5
"1096","Fuel_Cell",27.5
"1097","Fuel_Cell",27.5
"1098","Fuel_Cell",37.5
"1099","Fuel_Cell",80
"1100","Fuel_Cell",110
"1101","Solar",35
"1102","Solar",110
"1103","Solar",420
"1104","Solar",140
"1105","Battery",15
"1106","Battery",30
"1107","Battery",102.5
"1108","Battery",37.5
"1109","CHP",4.5
"1110","CHP",27.5
"1111","CHP",95
"1112","CHP",35
"1113","Fuel_Cell",0
"1114","Fuel_Cell",27.5
"1115","Fuel_Cell",95
"1116","Fuel_Cell",35
"1117","Solar",170
"1118","Solar",117.5
"1119","Solar",95
"1120","Solar",515
"1121","Solar",27.5
"1122","Solar",240
"1123","Solar",42.5
"1124","Battery",47.5
"1125","Battery",32.5
"1126","Battery",27.5
"1127","Battery",127.5
"1128","Battery",11
"1129","Battery",62.5
"1130","Battery",20
"1131","CHP",42.5
"1132","CHP",30
"1133","CHP",25
"1134","CHP",117.5
"1135","CHP",4
"1136","CHP",57.5
"1137","CHP",5.5
"1138","Fuel_Cell",42.5
"1139","Fuel_Cell",30
"1140","Fuel_Cell",25
"1141","Fuel_Cell",117.5
"1142","Fuel_Cell",0
"1143","Fuel_Cell",57.5
"1144","Fuel_Cell",0
"1145","Solar",430
"1146","Solar",155
"1147","Solar",132.5
"1148","Solar",340
"1149","Solar",410
"1150","Solar",170
"1151","Solar",315
"1152","Battery",110
"1153","Battery",42.5
"1154","Battery",35
"1155","Battery",87.5
"1156","Battery",102.5
"1157","Battery",47.5
"1158","Battery",80
"1159","CHP",95
"1160","CHP",40
"1161","CHP",32.5
"1162","CHP",77.5
"1163","CHP",95
"1164","CHP",42.5
"1165","CHP",75
"1166","Fuel_Cell",95
"1167","Fuel_Cell",40
"1168","Fuel_Cell",32.5
"1169","Fuel_Cell",77.5
"1170","Fuel_Cell",95
"1171","Fuel_Cell",42.5
"1172","Fuel_Cell",75
"1173","Solar",160
"1174","Solar",290
"1175","Solar",455
"1176","Solar",145
"1177","Solar",505
"1178","Battery",42.5
"1179","Battery",77.5
"1180","Battery",112.5
"1181","Battery",40
"1182","Battery",125
"1183","CHP",40
"1184","CHP",70
"1185","CHP",102.5
"1186","CHP",37.5
"1187","CHP",117.5
"1188","Fuel_Cell",40
"1189","Fuel_Cell",70
"1190","Fuel_Cell",102.5
"1191","Fuel_Cell",37.5
"1192","Fuel_Cell",117.5
"1193","Solar",135
"1194","Solar",490
"1195","Solar",530
"1196","Solar",155
"1197","Solar",340
"1198","Battery",35
"1199","Battery",125
"1200","Battery",132.5
"1201","Battery",42.5
"1202","Battery",87.5
"1203","CHP",35
"1204","CHP",110
"1205","CHP",120
"1206","CHP",40
"1207","CHP",77.5
"1208","Fuel_Cell",35
"1209","Fuel_Cell",110
"1210","Fuel_Cell",120
"1211","Fuel_Cell",40
"1212","Fuel_Cell",77.5
"1213","Solar",175
"1214","Solar",140
"1215","Battery",47.5
"1216","Battery",37.5
"1217","CHP",42.5
"1218","CHP",35
"1219","Fuel_Cell",42.5
"1220","Fuel_Cell",35
"1221","Solar",155
"1222","Solar",117.5
"1223","Solar",290
"1224","Solar",285
"1225","Solar",135
"1226","Solar",27.5
"1227","Battery",42.5
"1228","Battery",32.5
"1229","Battery",77.5
"1230","Battery",75
"1231","Battery",35
"1232","Battery",11
"1233","CHP",40
"1234","CHP",27.5
"1235","CHP",70
"1236","CHP",70
"1237","CHP",35
"1238","CHP",4
"1239","Fuel_Cell",40
"1240","Fuel_Cell",27.5
"1241","Fuel_Cell",70
"1242","Fuel_Cell",70
"1243","Fuel_Cell",35
"1244","Fuel_Cell",0
"1245","Solar",545
"1246","Solar",540
"1247","Solar",140
"1248","Solar",315
"1249","Solar",285
"1250","Solar",140
"1251","Battery",135
"1252","Battery",135
"1253","Battery",37.5
"1254","Battery",80
"1255","Battery",75
"1256","Battery",37.5
"1257","CHP",125
"1258","CHP",125
"1259","CHP",35
"1260","CHP",75
"1261","CHP",70
"1262","CHP",35
"1263","Fuel_Cell",125
"1264","Fuel_Cell",125
"1265","Fuel_Cell",35
"1266","Fuel_Cell",75
"1267","Fuel_Cell",70
"1268","Fuel_Cell",35
"1269","Solar",140
"1270","Solar",77.5
"1271","Solar",140
"1272","Solar",77.5
"1273","Battery",37.5
"1274","Battery",20
"1275","Battery",37.5
"1276","Battery",20
"1277","CHP",35
"1278","CHP",20
"1279","CHP",35
"1280","CHP",20
"1281","Fuel_Cell",35
"1282","Fuel_Cell",20
"1283","Fuel_Cell",35
"1284","Fuel_Cell",20
"1285","Solar",490
"1286","Solar",405
"1287","Solar",132.5
"1288","Solar",180
"1289","Solar",475
"1290","Solar",117.5
"1291","Battery",125
"1292","Battery",102.5
"1293","Battery",35
"1294","Battery",50
"1295","Battery",117.5
"1296","Battery",32.5
"1297","CHP",110
"1298","CHP",95
"1299","CHP",32.5
"1300","CHP",42.5
"1301","CHP",110
"1302","CHP",30
"1303","Fuel_Cell",110
"1304","Fuel_Cell",95
"1305","Fuel_Cell",32.5
"1306","Fuel_Cell",42.5
"1307","Fuel_Cell",110
"1308","Fuel_Cell",30
"1309","Solar",205
"1310","Solar",30
"1311","Solar",40
"1312","Solar",50
"1313","Solar",47.5
"1314","Solar",155
"1315","Solar",155
"1316","Battery",55
"1317","Battery",11.5
"1318","Battery",17.5
"1319","Battery",20
"1320","Battery",20
"1321","Battery",42.5
"1322","Battery",42.5
"1323","CHP",50
"1324","CHP",4
"1325","CHP",5.5
"1326","CHP",6.5
"1327","CHP",6
"1328","CHP",40
"1329","CHP",40
"1330","Fuel_Cell",50
"1331","Fuel_Cell",0
"1332","Fuel_Cell",0
"1333","Fuel_Cell",0
"1334","Fuel_Cell",0
"1335","Fuel_Cell",40
"1336","Fuel_Cell",40
"1337","Solar",145
"1338","Battery",40
"1339","CHP",35
"1340","Fuel_Cell",35
"1341","Solar",325
"1342","Solar",460
"1343","Solar",530
"1344","Solar",145
"1345","Solar",117.5
"1346","Solar",155
"1347","Battery",80
"1348","Battery",117.5
"1349","Battery",132.5
"1350","Battery",40
"1351","Battery",32.5
"1352","Battery",42.5
"1353","CHP",77.5
"1354","CHP",102.5
"1355","CHP",117.5
"1356","CHP",35
"1357","CHP",30
"1358","CHP",42.5
"1359","Fuel_Cell",77.5
"1360","Fuel_Cell",102.5
"1361","Fuel_Cell",117.5
"1362","Fuel_Cell",35
"1363","Fuel_Cell",30
"1364","Fuel_Cell",42.5
"1365","Solar",140
"1366","Solar",190
"1367","Solar",285
"1368","Solar",205
"1369","Solar",465
"1370","Solar",385
"1371","Battery",37.5
"1372","Battery",50
"1373","Battery",75
"1374","Battery",55
"1375","Battery",117.5
"1376","Battery",95
"1377","CHP",35
"1378","CHP",47.5
"1379","CHP",70
"1380","CHP",50
"1381","CHP",102.5
"1382","CHP",87.5
"1383","Fuel_Cell",35
"1384","Fuel_Cell",47.5
"1385","Fuel_Cell",70
"1386","Fuel_Cell",50
"1387","Fuel_Cell",102.5
"1388","Fuel_Cell",87.5
"1389","Solar",320
"1390","Solar",7.5
"1391","Solar",150
"1392","Solar",125
"1393","Solar",20
"1394","Battery",80
"1395","Battery",3
"1396","Battery",42.5
"1397","Battery",35
"1398","Battery",7
"1399","CHP",77.5
"1400","CHP",1.5
"1401","CHP",37.5
"1402","CHP",30
"1403","CHP",2.5
"1404","Fuel_Cell",77.5
"1405","Fuel_Cell",0
"1406","Fuel_Cell",37.5
"1407","Fuel_Cell",30
"1408","Fuel_Cell",0
"1409","Solar",37.5
"1410","Solar",102.5
"1411","Solar",125
"1412","Solar",102.5
"1413","Solar",110
"1414","Solar",140
"1415","Battery",15
"1416","Battery",27.5
"1417","Battery",35
"1418","Battery",27.5
"1419","Battery",30
"1420","Battery",37.5
"1421","CHP",5
"1422","CHP",27.5
"1423","CHP",32.5
"1424","CHP",27.5
"1425","CHP",27.5
"1426","CHP",35
"1427","Fuel_Cell",0
"1428","Fuel_Cell",27.5
"1429","Fuel_Cell",32.5
"1430","Fuel_Cell",27.5
"1431","Fuel_Cell",27.5
"1432","Fuel_Cell",35
"1433","Solar",47.5
"1434","Solar",72.5
"1435","Solar",132.5
"1436","Solar",150
"1437","Solar",140
"1438","Battery",20
"1439","Battery",20
"1440","Battery",35
"1441","Battery",42.5
"1442","Battery",37.5
"1443","CHP",6
"1444","CHP",20
"1445","CHP",32.5
"1446","CHP",37.5
"1447","CHP",35
"1448","Fuel_Cell",0
"1449","Fuel_Cell",20
"1450","Fuel_Cell",32.5
"1451","Fuel_Cell",37.5
"1452","Fuel_Cell",35
"1453","Solar",87.5
"1454","Solar",505
"1455","Solar",70
"1456","Battery",25
"1457","Battery",125
"1458","Battery",20
"1459","CHP",22.5
"1460","CHP",117.5
"1461","CHP",17.5
"1462","Fuel_Cell",22.5
"1463","Fuel_Cell",117.5
"1464","Fuel_Cell",17.5
"1465","Solar",215
"1466","Solar",175
"1467","Solar",275
"1468","Battery",57.5
"1469","Battery",47.5
"1470","Battery",72.5
"1471","CHP",55
"1472","CHP",42.5
"1473","CHP",67.5
"1474","Fuel_Cell",55
"1475","Fuel_Cell",42.5
"1476","Fuel_Cell",67.5
"1477","Solar",132.5
"1478","Solar",160
"1479","Solar",150
"1480","Battery",35
"1481","Battery",42.5
"1482","Battery",42.5
"1483","CHP",32.5
"1484","CHP",40
"1485","CHP",37.5
"1486","Fuel_Cell",32.5
"1487","Fuel_Cell",40
"1488","Fuel_Cell",37.5
"1489","Solar",190
"1490","Solar",117.5
"1491","Solar",300
"1492","Solar",102.5
"1493","Battery",50
"1494","Battery",32.5
"1495","Battery",77.5
"1496","Battery",27.5
"1497","CHP",47.5
"1498","CHP",27.5
"1499","CHP",70
"1500","CHP",27.5
"1501","Fuel_Cell",47.5
"1502","Fuel_Cell",27.5
"1503","Fuel_Cell",70
"1504","Fuel_Cell",27.5
"1505","Solar",140
"1506","Solar",160
"1507","Solar",140
"1508","Solar",345
"1509","Battery",37.5
"1510","Battery",42.5
"1511","Battery",40
"1512","Battery",87.5
"1513","CHP",35
"1514","CHP",40
"1515","CHP",35
"1516","CHP",80
"1517","Fuel_Cell",35
"1518","Fuel_Cell",40
"1519","Fuel_Cell",35
"1520","Fuel_Cell",80
"1521","Solar",32.5
"1522","Solar",430
"1523","Solar",335
"1524","Solar",160
"1525","Battery",14.5
"1526","Battery",110
"1527","Battery",85
"1528","Battery",42.5
"1529","CHP",4
"1530","CHP",95
"1531","CHP",77.5
"1532","CHP",40
"1533","Fuel_Cell",0
"1534","Fuel_Cell",95
"1535","Fuel_Cell",77.5
"1536","Fuel_Cell",40
"1537","Solar",140
"1538","Solar",117.5
"1539","Battery",37.5
"1540","Battery",32.5
"1541","CHP",35
"1542","CHP",30
"1543","Fuel_Cell",35
"1544","Fuel_Cell",30
"1545","Solar",215
"1546","Solar",190
"1547","Solar",335
"1548","Solar",300
"1549","Solar",135
"1550","Solar",140
"1551","Solar",320
"1552","Battery",57.5
"1553","Battery",50
"1554","Battery",85
"1555","Battery",77.5
"1556","Battery",35
"1557","Battery",40
"1558","Battery",80
"1559","CHP",50
"1560","CHP",47.5
"1561","CHP",77.5
"1562","CHP",72.5
"1563","CHP",35
"1564","CHP",35
"1565","CHP",77.5
"1566","Fuel_Cell",50
"1567","Fuel_Cell",47.5
"1568","Fuel_Cell",77.5
"1569","Fuel_Cell",72.5
"1570","Fuel_Cell",35
"1571","Fuel_Cell",35
"1572","Fuel_Cell",77.5
"1573","Solar",220
"1574","Solar",145
"1575","Solar",230
"1576","Solar",150
"1577","Solar",245
"1578","Solar",132.5
"1579","Solar",87.5
"1580","Battery",57.5
"1581","Battery",40
"1582","Battery",62.5
"1583","Battery",42.5
"1584","Battery",65
"1585","Battery",35
"1586","Battery",25
"1587","CHP",55
"1588","CHP",35
"1589","CHP",57.5
"1590","CHP",37.5
"1591","CHP",57.5
"1592","CHP",32.5
"1593","CHP",22.5
"1594","Fuel_Cell",55
"1595","Fuel_Cell",35
"1596","Fuel_Cell",57.5
"1597","Fuel_Cell",37.5
"1598","Fuel_Cell",57.5
"1599","Fuel_Cell",32.5
"1600","Fuel_Cell",22.5
"1601","Solar",470
"1602","Solar",85
"1603","Solar",550
"1604","Solar",340
"1605","Solar",345
"1606","Battery",117.5
"1607","Battery",22.5
"1608","Battery",140
"1609","Battery",87.5
"1610","Battery",87.5
"1611","CHP",110
"1612","CHP",22.5
"1613","CHP",125
"1614","CHP",77.5
"1615","CHP",80
"1616","Fuel_Cell",110
"1617","Fuel_Cell",22.5
"1618","Fuel_Cell",125
"1619","Fuel_Cell",77.5
"1620","Fuel_Cell",80
"1621","Solar",260
"1622","Solar",155
"1623","Solar",155
"1624","Solar",145
"1625","Solar",550
"1626","Solar",65
"1627","Battery",70
"1628","Battery",42.5
"1629","Battery",42.5
"1630","Battery",40
"1631","Battery",140
"1632","Battery",20
"1633","CHP",62.5
"1634","CHP",40
"1635","CHP",40
"1636","CHP",37.5
"1637","CHP",125
"1638","CHP",15
"1639","Fuel_Cell",62.5
"1640","Fuel_Cell",40
"1641","Fuel_Cell",40
"1642","Fuel_Cell",37.5
"1643","Fuel_Cell",125
"1644","Fuel_Cell",15
"1645","Solar",160
"1646","Solar",560
"1647","Solar",345
"1648","Solar",127.5
"1649","Solar",150
"1650","Solar",230
"1651","Solar",555
"1652","Solar",340
"1653","Solar",405
"1654","Battery",42.5
"1655","Battery",140
"1656","Battery",87.5
"1657","Battery",35
"1658","Battery",42.5
"1659","Battery",62.5
"1660","Battery",140
"1661","Battery",87.5
"1662","Battery",102.5
"1663","CHP",40
"1664","CHP",125
"1665","CHP",80
"1666","CHP",32.5
"1667","CHP",37.5
"1668","CHP",57.5
"1669","CHP",125
"1670","CHP",77.5
"1671","CHP",95
"1672","Fuel_Cell",40
"1673","Fuel_Cell",125
"1674","Fuel_Cell",80
"1675","Fuel_Cell",32.5
"1676","Fuel_Cell",37.5
"1677","Fuel_Cell",57.5
"1678","Fuel_Cell",125
"1679","Fuel_Cell",77.5
"1680","Fuel_Cell",95
"1681","Solar",145
"1682","Solar",132.5
"1683","Solar",330
"1684","Solar",155
"1685","Solar",155
"1686","Battery",40
"1687","Battery",35
"1688","Battery",80
"1689","Battery",42.5
"1690","Battery",42.5
"1691","CHP",35
"1692","CHP",32.5
"1693","CHP",77.5
"1694","CHP",40
"1695","CHP",40
"1696","Fuel_Cell",35
"1697","Fuel_Cell",32.5
"1698","Fuel_Cell",77.5
"1699","Fuel_Cell",40
"1700","Fuel_Cell",40
"1701","Solar",445
"1702","Battery",110
"1703","CHP",102.5
"1704","Fuel_Cell",102.5
"1705","Solar",300
"1706","Solar",62.5
"1707","Solar",125
"1708","Battery",77.5
"1709","Battery",17.5
"1710","Battery",35
"1711","CHP",70
"1712","CHP",15
"1713","CHP",32.5
"1714","Fuel_Cell",70
"1715","Fuel_Cell",15
"1716","Fuel_Cell",32.5
"1717","Solar",220
"1718","Solar",470
"1719","Solar",102.5
"1720","Solar",555
"1721","Solar",545
"1722","Solar",145
"1723","Solar",155
"1724","Battery",57.5
"1725","Battery",117.5
"1726","Battery",27.5
"1727","Battery",140
"1728","Battery",135
"1729","Battery",40
"1730","Battery",42.5
"1731","CHP",55
"1732","CHP",110
"1733","CHP",27.5
"1734","CHP",125
"1735","CHP",125
"1736","CHP",35
"1737","CHP",40
"1738","Fuel_Cell",55
"1739","Fuel_Cell",110
"1740","Fuel_Cell",27.5
"1741","Fuel_Cell",125
"1742","Fuel_Cell",125
"1743","Fuel_Cell",35
"1744","Fuel_Cell",40
"1745","Solar",160
"1746","Solar",430
"1747","Solar",345
"1748","Solar",150
"1749","Battery",42.5
"1750","Battery",170
"1751","Battery",87.5
"1752","Battery",42.5
"1753","CHP",40
"1754","CHP",57.5
"1755","CHP",80
"1756","CHP",37.5
"1757","Fuel_Cell",40
"1758","Fuel_Cell",0
"1759","Fuel_Cell",80
"1760","Fuel_Cell",37.5
"1761","Solar",127.5
"1762","Solar",145
"1763","Solar",360
"1764","Battery",35
"1765","Battery",40
"1766","Battery",87.5
"1767","CHP",32.5
"1768","CHP",37.5
"1769","CHP",80
"1770","Fuel_Cell",32.5
"1771","Fuel_Cell",37.5
"1772","Fuel_Cell",80
"1773","Solar",300
"1774","Solar",155
"1775","Solar",515
"1776","Solar",335
"1777","Solar",490
"1778","Battery",77.5
"1779","Battery",42.5
"1780","Battery",127.5
"1781","Battery",85
"1782","Battery",125
"1783","CHP",70
"1784","CHP",40
"1785","CHP",117.5
"1786","CHP",77.5
"1787","CHP",110
"1788","Fuel_Cell",70
"1789","Fuel_Cell",40
"1790","Fuel_Cell",117.5
"1791","Fuel_Cell",77.5
"1792","Fuel_Cell",110
"1793","Solar",455
"1794","Solar",32.5
"1795","Battery",112.5
"1796","Battery",14.5
"1797","CHP",102.5
"1798","CHP",4.5
"1799","Fuel_Cell",102.5
"1800","Fuel_Cell",0
"1801","Solar",1
"1802","Solar",140
"1803","Solar",110
"1804","Solar",445
"1805","Battery",0
"1806","Battery",37.5
"1807","Battery",30
"1808","Battery",110
"1809","CHP",0
"1810","CHP",35
"1811","CHP",27.5
"1812","CHP",102.5
"1813","Fuel_Cell",2
"1814","Fuel_Cell",35
"1815","Fuel_Cell",27.5
"1816","Fuel_Cell",102.5
"1817","Solar",600
"1818","Solar",125
"1819","Solar",160
"1820","Solar",520
"1821","Solar",155
"1822","Solar",132.5
"1823","Solar",320
"1824","Battery",145
"1825","Battery",35
"1826","Battery",42.5
"1827","Battery",132.5
"1828","Battery",42.5
"1829","Battery",35
"1830","Battery",80
"1831","CHP",215
"1832","CHP",32.5
"1833","CHP",40
"1834","CHP",117.5
"1835","CHP",40
"1836","CHP",32.5
"1837","CHP",77.5
"1838","Fuel_Cell",215
"1839","Fuel_Cell",32.5
"1840","Fuel_Cell",40
"1841","Fuel_Cell",117.5
"1842","Fuel_Cell",40
"1843","Fuel_Cell",32.5
"1844","Fuel_Cell",77.5
"1845","Solar",110
"1846","Solar",120
"1847","Solar",155
"1848","Battery",30
"1849","Battery",32.5
"1850","Battery",42.5
"1851","CHP",27.5
"1852","CHP",30
"1853","CHP",40
"1854","Fuel_Cell",27.5
"1855","Fuel_Cell",30
"1856","Fuel_Cell",40
"1857","Solar",255
"1858","Solar",47.5
"1859","Solar",400
"1860","Solar",160
"1861","Solar",155
"1862","Solar",330
"1863","Battery",67.5
"1864","Battery",20
"1865","Battery",102.5
"1866","Battery",42.5
"1867","Battery",42.5
"1868","Battery",80
"1869","CHP",62.5
"1870","CHP",6.5
"1871","CHP",87.5
"1872","CHP",40
"1873","CHP",40
"1874","CHP",77.5
"1875","Fuel_Cell",62.5
"1876","Fuel_Cell",0
"1877","Fuel_Cell",87.5
"1878","Fuel_Cell",40
"1879","Fuel_Cell",40
"1880","Fuel_Cell",77.5
"1881","Solar",430
"1882","Solar",70
"1883","Battery",110
"1884","Battery",20
"1885","CHP",95
"1886","CHP",17.5
"1887","Fuel_Cell",95
"1888","Fuel_Cell",17.5
"1889","Solar",155
"1890","Solar",535
"1891","Solar",155
"1892","Solar",500
"1893","Solar",145
"1894","Battery",42.5
"1895","Battery",132.5
"1896","Battery",42.5
"1897","Battery",125
"1898","Battery",40
"1899","CHP",40
"1900","CHP",120
"1901","CHP",40
"1902","CHP",112.5
"1903","CHP",35
"1904","Fuel_Cell",40
"1905","Fuel_Cell",120
"1906","Fuel_Cell",40
"1907","Fuel_Cell",112.5
"1908","Fuel_Cell",35
"1909","Solar",132.5
"1910","Solar",135
"1911","Solar",160
"1912","Battery",35
"1913","Battery",35
"1914","Battery",42.5
"1915","CHP",32.5
"1916","CHP",35
"1917","CHP",40
"1918","Fuel_Cell",32.5
"1919","Fuel_Cell",35
"1920","Fuel_Cell",40
"1921","Solar",230
"1922","Solar",445
"1923","Solar",125
"1924","Solar",390
"1925","Solar",155
"1926","Solar",11.5
"1927","Battery",62.5
"1928","Battery",110
"1929","Battery",35
"1930","Battery",95
"1931","Battery",42.5
"1932","Battery",5
"1933","CHP",55
"1934","CHP",102.5
"1935","CHP",32.5
"1936","CHP",87.5
"1937","CHP",40
"1938","CHP",2
"1939","Fuel_Cell",55
"1940","Fuel_Cell",102.5
"1941","Fuel_Cell",32.5
"1942","Fuel_Cell",87.5
"1943","Fuel_Cell",40
"1944","Fuel_Cell",0
"1945","Solar",112.5
"1946","Solar",125
"1947","Solar",220
"1948","Battery",32.5
"1949","Battery",35
"1950","Battery",57.5
"1951","CHP",27.5
"1952","CHP",32.5
"1953","CHP",55
"1954","Fuel_Cell",27.5
"1955","Fuel_Cell",32.5
"1956","Fuel_Cell",55
"1957","Solar",47.5
"1958","Solar",62.5
"1959","Solar",125
"1960","Solar",150
"1961","Battery",20
"1962","Battery",17.5
"1963","Battery",35
"1964","Battery",42.5
"1965","CHP",6
"1966","CHP",15
"1967","CHP",32.5
"1968","CHP",37.5
"1969","Fuel_Cell",0
"1970","Fuel_Cell",15
"1971","Fuel_Cell",32.5
"1972","Fuel_Cell",37.5
"1973","Solar",390
"1974","Solar",45
"1975","Battery",95
"1976","Battery",20
"1977","CHP",87.5
"1978","CHP",6
"1979","Fuel_Cell",87.5
"1980","Fuel_Cell",0
"1981","Solar",375
"1982","Solar",155
"1983","Solar",22.5
"1984","Solar",370
"1985","Battery",95
"1986","Battery",42.5
"1987","Battery",10.5
"1988","Battery",95
"1989","CHP",87.5
"1990","CHP",40
"1991","CHP",3
"1992","CHP",85
"1993","Fuel_Cell",87.5
"1994","Fuel_Cell",40
"1995","Fuel_Cell",0
"1996","Fuel_Cell",85
"1997","Solar",270
"1998","Solar",140
"1999","Solar",630
"2000","Battery",70
"2001","Battery",40
"2002","Battery",155
"2003","CHP",65
"2004","CHP",35
"2005","CHP",225
"2006","Fuel_Cell",65
"2007","Fuel_Cell",35
"2008","Fuel_Cell",225
"2009","Solar",560
"2010","Solar",132.5
"2011","Solar",155
"2012","Battery",140
"2013","Battery",35
"2014","Battery",42.5
"2015","CHP",125
"2016","CHP",32.5
"2017","CHP",40
"2018","Fuel_Cell",125
"2019","Fuel_Cell",32.5
"2020","Fuel_Cell",40
"2021","Solar",225
"2022","Solar",315
"2023","Solar",315
"2024","Solar",140
"2025","Solar",375
"2026","Battery",60
"2027","Battery",80
"2028","Battery",80
"2029","Battery",40
"2030","Battery",95
"2031","CHP",55
"2032","CHP",75
"2033","CHP",75
"2034","CHP",35
"2035","CHP",87.5
"2036","Fuel_Cell",55
"2037","Fuel_Cell",75
"2038","Fuel_Cell",75
"2039","Fuel_Cell",35
"2040","Fuel_Cell",87.5
"2041","Solar",575
"2042","Solar",185
"2043","Battery",140
"2044","Battery",50
"2045","CHP",205
"2046","CHP",45
"2047","Fuel_Cell",205
"2048","Fuel_Cell",45
"2049","Solar",80
"2050","Battery",22.5
"2051","CHP",20
"2052","Fuel_Cell",20
"2053","Solar",190
"2054","Solar",32.5
"2055","Solar",20
"2056","Solar",42.5
"2057","Solar",140
"2058","Battery",50
"2059","Battery",14.5
"2060","Battery",7.5
"2061","Battery",20
"2062","Battery",40
"2063","CHP",47.5
"2064","CHP",4.5
"2065","CHP",2.5
"2066","CHP",5.5
"2067","CHP",35
"2068","Fuel_Cell",47.5
"2069","Fuel_Cell",0
"2070","Fuel_Cell",0
"2071","Fuel_Cell",0
"2072","Fuel_Cell",35
"2073","Solar",145
"2074","Solar",250
"2075","Battery",40
"2076","Battery",65
"2077","CHP",35
"2078","CHP",62.5
"2079","Fuel_Cell",35
"2080","Fuel_Cell",62.5
"2081","Solar",430
"2082","Solar",160
"2083","Battery",110
"2084","Battery",42.5
"2085","CHP",95
"2086","CHP",40
"2087","Fuel_Cell",95
"2088","Fuel_Cell",40
"2089","Solar",270
"2090","Solar",17.5
"2091","Battery",70
"2092","Battery",6.5
"2093","CHP",65
"2094","CHP",2.5
"2095","Fuel_Cell",65
"2096","Fuel_Cell",0
"2097","Solar",235
"2098","Solar",145
"2099","Solar",125
"2100","Solar",117.5
"2101","Battery",62.5
"2102","Battery",40
"2103","Battery",35
"2104","Battery",32.5
"2105","CHP",57.5
"2106","CHP",35
"2107","CHP",32.5
"2108","CHP",30
"2109","Fuel_Cell",57.5
"2110","Fuel_Cell",35
"2111","Fuel_Cell",32.5
"2112","Fuel_Cell",30
"2113","Solar",645
"2114","Solar",145
"2115","Battery",160
"2116","Battery",40
"2117","CHP",230
"2118","CHP",35
"2119","Fuel_Cell",230
"2120","Fuel_Cell",35
"2121","Solar",140
"2122","Solar",102.5
"2123","Battery",37.5
"2124","Battery",27.5
"2125","CHP",35
"2126","CHP",27.5
"2127","Fuel_Cell",35
"2128","Fuel_Cell",27.5
"2129","Solar",155
"2130","Solar",135
"2131","Solar",590
"2132","Solar",485
"2133","Battery",42.5
"2134","Battery",35
"2135","Battery",145
"2136","Battery",120
"2137","CHP",40
"2138","CHP",35
"2139","CHP",215
"2140","CHP",110
"2141","Fuel_Cell",40
"2142","Fuel_Cell",35
"2143","Fuel_Cell",215
"2144","Fuel_Cell",110
"2145","Solar",200
"2146","Solar",220
"2147","Solar",590
"2148","Solar",150
"2149","Battery",55
"2150","Battery",57.5
"2151","Battery",145
"2152","Battery",42.5
"2153","CHP",47.5
"2154","CHP",55
"2155","CHP",215
"2156","CHP",37.5
"2157","Fuel_Cell",47.5
"2158","Fuel_Cell",55
"2159","Fuel_Cell",215
"2160","Fuel_Cell",37.5
"2161","Solar",185
"2162","Solar",190
"2163","Battery",50
"2164","Battery",50
"2165","CHP",47.5
"2166","CHP",47.5
"2167","Fuel_Cell",47.5
"2168","Fuel_Cell",47.5
"2169","Solar",1
"2170","Solar",245
"2171","Solar",155
"2172","Solar",125
"2173","Battery",0
"2174","Battery",65
"2175","Battery",67.5
"2176","Battery",35
"2177","CHP",0
"2178","CHP",57.5
"2179","CHP",22.5
"2180","CHP",32.5
"2181","Fuel_Cell",2
"2182","Fuel_Cell",57.5
"2183","Fuel_Cell",0
"2184","Fuel_Cell",32.5
"2185","Solar",230
"2186","Battery",62.5
"2187","CHP",55
"2188","Fuel_Cell",55
"2189","Solar",140
"2190","Solar",290
"2191","Solar",670
"2192","Solar",87.5
"2193","Battery",37.5
"2194","Battery",77.5
"2195","Battery",160
"2196","Battery",25
"2197","CHP",35
"2198","CHP",70
"2199","CHP",240
"2200","CHP",22.5
"2201","Fuel_Cell",35
"2202","Fuel_Cell",70
"2203","Fuel_Cell",240
"2204","Fuel_Cell",22.5
"2205","Solar",150
"2206","Battery",42.5
"2207","CHP",37.5
"2208","Fuel_Cell",37.5
"2209","Solar",140
"2210","Solar",145
"2211","Battery",40
"2212","Battery",40
"2213","CHP",35
"2214","CHP",35
"2215","Fuel_Cell",35
"2216","Fuel_Cell",35
"2217","Solar",145
"2218","Battery",40
"2219","CHP",35
"2220","Fuel_Cell",35
"2221","Solar",70
"2222","Solar",180
"2223","Solar",260
"2224","Battery",20
"2225","Battery",50
"2226","Battery",70
"2227","CHP",17.5
"2228","CHP",42.5
"2229","CHP",62.5
"2230","Fuel_Cell",17.5
"2231","Fuel_Cell",42.5
"2232","Fuel_Cell",62.5
"2233","Solar",475
"2234","Solar",455
"2235","Solar",140
"2236","Battery",117.5
"2237","Battery",112.5
"2238","Battery",37.5
"2239","CHP",110
"2240","CHP",102.5
"2241","CHP",35
"2242","Fuel_Cell",110
"2243","Fuel_Cell",102.5
"2244","Fuel_Cell",35
"2245","Solar",275
"2246","Solar",215
"2247","Battery",72.5
"2248","Battery",57.5
"2249","CHP",67.5
"2250","CHP",55
"2251","Fuel_Cell",67.5
"2252","Fuel_Cell",55
"2253","Solar",132.5
"2254","Solar",155
"2255","Solar",500
"2256","Battery",35
"2257","Battery",42.5
"2258","Battery",125
"2259","CHP",32.5
"2260","CHP",40
"2261","CHP",110
"2262","Fuel_Cell",32.5
"2263","Fuel_Cell",40
"2264","Fuel_Cell",110
"2265","Solar",165
"2266","Battery",45
"2267","CHP",42.5
"2268","Fuel_Cell",42.5
"2269","Solar",260
"2270","Solar",290
"2271","Solar",485
"2272","Battery",70
"2273","Battery",77.5
"2274","Battery",120
"2275","CHP",62.5
"2276","CHP",70
"2277","CHP",110
"2278","Fuel_Cell",62.5
"2279","Fuel_Cell",70
"2280","Fuel_Cell",110
"2281","Solar",585
"2282","Solar",585
"2283","Solar",305
"2284","Battery",145
"2285","Battery",145
"2286","Battery",77.5
"2287","CHP",210
"2288","CHP",205
"2289","CHP",72.5
"2290","Fuel_Cell",210
"2291","Fuel_Cell",205
"2292","Fuel_Cell",72.5
"2293","Solar",102.5
"2294","Solar",190
"2295","Solar",150
"2296","Solar",112.5
"2297","Battery",27.5
"2298","Battery",50
"2299","Battery",42.5
"2300","Battery",32.5
"2301","CHP",27.5
"2302","CHP",47.5
"2303","CHP",37.5
"2304","CHP",27.5
"2305","Fuel_Cell",27.5
"2306","Fuel_Cell",47.5
"2307","Fuel_Cell",37.5
"2308","Fuel_Cell",27.5
"2309","Solar",87.5
"2310","Battery",25
"2311","CHP",22.5
"2312","Fuel_Cell",22.5
"2313","Solar",200
"2314","Battery",55
"2315","CHP",50
"2316","Fuel_Cell",50
"2317","Solar",430
"2318","Solar",150
"2319","Battery",110
"2320","Battery",42.5
"2321","CHP",95
"2322","CHP",37.5
"2323","Fuel_Cell",95
"2324","Fuel_Cell",37.5
"2325","Solar",140
"2326","Battery",40
"2327","CHP",35
"2328","Fuel_Cell",35
"2329","Solar",140
"2330","Battery",37.5
"2331","CHP",35
"2332","Fuel_Cell",35
"2333","Solar",455
"2334","Solar",175
"2335","Battery",112.5
"2336","Battery",47.5
"2337","CHP",102.5
"2338","CHP",42.5
"2339","Fuel_Cell",102.5
"2340","Fuel_Cell",42.5
"2341","Solar",112.5
"2342","Battery",32.5
"2343","CHP",27.5
"2344","Fuel_Cell",27.5
"2345","Solar",110
"2346","Battery",30
"2347","CHP",27.5
"2348","Fuel_Cell",27.5
"2349","Solar",330
"2350","Battery",80
"2351","CHP",77.5
"2352","Fuel_Cell",77.5
"2353","Solar",535
"2354","Battery",132.5
"2355","CHP",120
"2356","Fuel_Cell",120
"2357","Solar",25
"2358","Solar",0
"2359","Solar",140
"2360","Solar",235
"2361","Solar",0
"2362","Solar",0
"2363","Solar",0
"2364","Battery",11
"2365","Battery",0
"2366","Battery",37.5
"2367","Battery",62.5
"2368","Battery",0
"2369","Battery",0
"2370","Battery",0
"2371","CHP",3.5
"2372","CHP",0
"2373","CHP",35
"2374","CHP",57.5
"2375","CHP",0
"2376","CHP",0
"2377","CHP",0
"2378","Fuel_Cell",0
"2379","Fuel_Cell",0
"2380","Fuel_Cell",35
"2381","Fuel_Cell",57.5
"2382","Fuel_Cell",0
"2383","Fuel_Cell",0
"2384","Fuel_Cell",0
"2385","Solar",315
"2386","Battery",80
"2387","CHP",77.5
"2388","Fuel_Cell",77.5
"2389","Solar",275
"2390","Battery",72.5
"2391","CHP",65
"2392","Fuel_Cell",65
"2393","Solar",145
"2394","Battery",40
"2395","CHP",35
"2396","Fuel_Cell",35
"2397","Solar",145
"2398","Battery",40
"2399","CHP",35
"2400","Fuel_Cell",35
"2401","Solar",265
"2402","Battery",70
"2403","CHP",62.5
"2404","Fuel_Cell",62.5
"2405","Solar",105
"2406","Battery",27.5
"2407","CHP",27.5
"2408","Fuel_Cell",27.5
"2409","Solar",230
"2410","Battery",62.5
"2411","CHP",55
"2412","Fuel_Cell",55
